{
    "name": "root",
    "gauges": {
        "ArcadeDriver.Policy.Entropy.mean": {
            "value": -2.3841856489070778e-07,
            "min": -2.3841856489070778e-07,
            "max": 2.194847583770752,
            "count": 137
        },
        "ArcadeDriver.Policy.Entropy.sum": {
            "value": -0.00023841856454964727,
            "min": -0.00023841856454964727,
            "max": 2194.84765625,
            "count": 137
        },
        "ArcadeDriver.Step.mean": {
            "value": 136996.0,
            "min": 997.0,
            "max": 136996.0,
            "count": 137
        },
        "ArcadeDriver.Step.sum": {
            "value": 136996.0,
            "min": 997.0,
            "max": 136996.0,
            "count": 137
        },
        "ArcadeDriver.Policy.ExtrinsicValueEstimate.mean": {
            "value": 106706.890625,
            "min": -3.868312120437622,
            "max": 106706.890625,
            "count": 137
        },
        "ArcadeDriver.Policy.ExtrinsicValueEstimate.sum": {
            "value": 1707310.25,
            "min": -1090.864013671875,
            "max": 1707310.25,
            "count": 137
        },
        "ArcadeDriver.Environment.EpisodeLength.mean": {
            "value": 999.0,
            "min": 2.3557046979865772,
            "max": 999.0,
            "count": 137
        },
        "ArcadeDriver.Environment.EpisodeLength.sum": {
            "value": 999.0,
            "min": 458.0,
            "max": 1177.0,
            "count": 137
        },
        "ArcadeDriver.Environment.CumulativeReward.mean": {
            "value": 2607105.5390625,
            "min": -4.911067354999132,
            "max": 2607105.5390625,
            "count": 137
        },
        "ArcadeDriver.Environment.CumulativeReward.sum": {
            "value": 2607105.5390625,
            "min": -1463.4980717897415,
            "max": 2607105.5390625,
            "count": 137
        },
        "ArcadeDriver.Policy.ExtrinsicReward.mean": {
            "value": 2607105.5390625,
            "min": -4.911067354999132,
            "max": 2607105.5390625,
            "count": 137
        },
        "ArcadeDriver.Policy.ExtrinsicReward.sum": {
            "value": 2607105.5390625,
            "min": -1463.4980717897415,
            "max": 2607105.5390625,
            "count": 137
        },
        "ArcadeDriver.IsTraining.mean": {
            "value": 1.0,
            "min": 1.0,
            "max": 1.0,
            "count": 137
        },
        "ArcadeDriver.IsTraining.sum": {
            "value": 1.0,
            "min": 1.0,
            "max": 1.0,
            "count": 137
        },
        "ArcadeDriver.Losses.PolicyLoss.mean": {
            "value": 0.03578239898973455,
            "min": 0.03044229280979683,
            "max": 0.03975679252762347,
            "count": 13
        },
        "ArcadeDriver.Losses.PolicyLoss.sum": {
            "value": 0.03578239898973455,
            "min": 0.03044229280979683,
            "max": 0.03975679252762347,
            "count": 13
        },
        "ArcadeDriver.Losses.ValueLoss.mean": {
            "value": 130793146.93333334,
            "min": 3.3951857169469197,
            "max": 130793146.93333334,
            "count": 13
        },
        "ArcadeDriver.Losses.ValueLoss.sum": {
            "value": 130793146.93333334,
            "min": 3.3951857169469197,
            "max": 130793146.93333334,
            "count": 13
        },
        "ArcadeDriver.Policy.LearningRate.mean": {
            "value": 0.00019999946648026676,
            "min": 0.00019999946648026676,
            "max": 0.00019999995903602046,
            "count": 13
        },
        "ArcadeDriver.Policy.LearningRate.sum": {
            "value": 0.00019999946648026676,
            "min": 0.00019999946648026676,
            "max": 0.00019999995903602046,
            "count": 13
        },
        "ArcadeDriver.Policy.Epsilon.mean": {
            "value": 0.19999973324000003,
            "min": 0.19999973324000003,
            "max": 0.199999979518,
            "count": 13
        },
        "ArcadeDriver.Policy.Epsilon.sum": {
            "value": 0.19999973324000003,
            "min": 0.19999973324000003,
            "max": 0.199999979518,
            "count": 13
        },
        "ArcadeDriver.Policy.Beta.mean": {
            "value": 0.004999986688676001,
            "min": 0.004999986688676001,
            "max": 0.004999998977948202,
            "count": 13
        },
        "ArcadeDriver.Policy.Beta.sum": {
            "value": 0.004999986688676001,
            "min": 0.004999986688676001,
            "max": 0.004999998977948202,
            "count": 13
        }
    },
    "metadata": {
        "timer_format_version": "0.1.0",
        "start_time_seconds": "1653848796",
        "python_version": "3.8.13 | packaged by conda-forge | (default, Mar 25 2022, 06:05:16) \n[Clang 12.0.1 ]",
        "command_line_arguments": "/Users/ppnk/miniforge3/envs/kart-rl/bin/mlagents-learn ./Assets/Karting/Prefabs/AI/kart_mg_trainer_config_updated.yaml --train --run-id=4-agents-reward-1",
        "mlagents_version": "0.28.0",
        "mlagents_envs_version": "0.28.0",
        "communication_protocol_version": "1.5.0",
        "pytorch_version": "1.9.0.post2",
        "numpy_version": "1.22.3",
        "end_time_seconds": "1653850091"
    },
    "total": 1295.498056375,
    "count": 1,
    "self": 0.007071375000123226,
    "children": {
        "run_training.setup": {
            "total": 0.06387858400000002,
            "count": 1,
            "self": 0.06387858400000002
        },
        "TrainerController.start_learning": {
            "total": 1295.427106416,
            "count": 1,
            "self": 1.5303593940072915,
            "children": {
                "TrainerController._reset_env": {
                    "total": 27.074481541,
                    "count": 1,
                    "self": 27.074481541
                },
                "TrainerController.advance": {
                    "total": 1266.6452194809926,
                    "count": 150924,
                    "self": 1.4057202640003652,
                    "children": {
                        "env_step": {
                            "total": 1231.5086044250181,
                            "count": 150924,
                            "self": 1162.6041998750259,
                            "children": {
                                "SubprocessEnvManager._take_step": {
                                    "total": 67.90746448898955,
                                    "count": 150924,
                                    "self": 2.691779508976495,
                                    "children": {
                                        "TorchPolicy.evaluate": {
                                            "total": 65.21568498001305,
                                            "count": 137221,
                                            "self": 15.571874707030467,
                                            "children": {
                                                "TorchPolicy.sample_actions": {
                                                    "total": 49.643810272982584,
                                                    "count": 137221,
                                                    "self": 49.643810272982584
                                                }
                                            }
                                        }
                                    }
                                },
                                "workers": {
                                    "total": 0.996940061002789,
                                    "count": 150923,
                                    "self": 0.0,
                                    "children": {
                                        "worker_root": {
                                            "total": 1260.7225250999918,