{
    "name": "root",
    "gauges": {
        "ArcadeDriver.Policy.Entropy.mean": {
            "value": 1.1445505619049072,
            "min": 0.9829629063606262,
            "max": 1.4627580642700195,
            "count": 3289
        },
        "ArcadeDriver.Policy.Entropy.sum": {
            "value": 1172.019775390625,
            "min": 702.31494140625,
            "max": 1616.1112060546875,
            "count": 3289
        },
        "ArcadeDriver.Step.mean": {
            "value": 4641962.0,
            "min": 1353959.0,
            "max": 4641962.0,
            "count": 3289
        },
        "ArcadeDriver.Step.sum": {
            "value": 4641962.0,
            "min": 1353959.0,
            "max": 4641962.0,
            "count": 3289
        },
        "ArcadeDriver.Policy.ExtrinsicValueEstimate.mean": {
            "value": 33.604408264160156,
            "min": 28.920063018798828,
            "max": 38.15718078613281,
            "count": 3289
        },
        "ArcadeDriver.Policy.ExtrinsicValueEstimate.sum": {
            "value": 537.6705322265625,
            "min": 195.87149047851562,
            "max": 674.4349975585938,
            "count": 3289
        },
        "ArcadeDriver.IsTraining.mean": {
            "value": 1.0,
            "min": 1.0,
            "max": 1.0,
            "count": 3289
        },
        "ArcadeDriver.IsTraining.sum": {
            "value": 1.0,
            "min": 1.0,
            "max": 1.0,
            "count": 3289
        },
        "ArcadeDriver.Environment.EpisodeLength.mean": {
            "value": 999.0,
            "min": 83.0,
            "max": 999.0,
            "count": 2822
        },
        "ArcadeDriver.Environment.EpisodeLength.sum": {
            "value": 999.0,
            "min": 83.0,
            "max": 3829.0,
            "count": 2822
        },
        "ArcadeDriver.Environment.CumulativeReward.mean": {
            "value": 387.3880558013916,
            "min": 29.74353551864624,
            "max": 398.29392433166504,
            "count": 2807
        },
        "ArcadeDriver.Environment.CumulativeReward.sum": {
            "value": 387.3880558013916,
            "min": 29.74353551864624,
            "max": 1490.9858105182648,
            "count": 2807
        },
        "ArcadeDriver.Policy.ExtrinsicReward.mean": {
            "value": 387.3880558013916,
            "min": 29.74353551864624,
            "max": 398.29392433166504,
            "count": 2807
        },
        "ArcadeDriver.Policy.ExtrinsicReward.sum": {
            "value": 387.3880558013916,
            "min": 29.74353551864624,
            "max": 1490.9858105182648,
            "count": 2807
        },
        "ArcadeDriver.Losses.PolicyLoss.mean": {
            "value": 0.03420993459100525,
            "min": 0.024621670557341227,
            "max": 0.044822650278608,
            "count": 320
        },
        "ArcadeDriver.Losses.PolicyLoss.sum": {
            "value": 0.03420993459100525,
            "min": 0.024621670557341227,
            "max": 0.044822650278608,
            "count": 320
        },
        "ArcadeDriver.Losses.ValueLoss.mean": {
            "value": 8.73067758878072,
            "min": 5.021394491195679,
            "max": 17.203318738937377,
            "count": 320
        },
        "ArcadeDriver.Losses.ValueLoss.sum": {
            "value": 8.73067758878072,
            "min": 5.021394491195679,
            "max": 17.203318738937377,
            "count": 320
        },
        "ArcadeDriver.Policy.LearningRate.mean": {
            "value": 0.0001999814369292815,
            "min": 0.0001999814369292815,
            "max": 0.00019999454465072767,
            "count": 320
        },
        "ArcadeDriver.Policy.LearningRate.sum": {
            "value": 0.0001999814369292815,
            "min": 0.0001999814369292815,
            "max": 0.00019999454465072767,
            "count": 320
        },
        "ArcadeDriver.Policy.Epsilon.mean": {
            "value": 0.19999071846000005,
            "min": 0.19999071846000005,
            "max": 0.19999727232399997,
            "count": 320
        },
        "ArcadeDriver.Policy.Epsilon.sum": {
            "value": 0.19999071846000005,
            "min": 0.19999071846000005,
            "max": 0.19999727232399997,
            "count": 320
        },
        "ArcadeDriver.Policy.Beta.mean": {
            "value": 0.004999536851154001,
            "min": 0.004999536851154001,
            "max": 0.004999863888967601,
            "count": 320
        },
        "ArcadeDriver.Policy.Beta.sum": {
            "value": 0.004999536851154001,
            "min": 0.004999536851154001,
            "max": 0.004999863888967601,
            "count": 320
        }
    },
    "metadata": {
        "timer_format_version": "0.1.0",
        "start_time_seconds": "1653875693",
        "python_version": "3.8.13 | packaged by conda-forge | (default, Mar 25 2022, 06:05:16) \n[Clang 12.0.1 ]",
        "command_line_arguments": "/Users/ppnk/miniforge3/envs/kart-rl/bin/mlagents-learn ./Assets/Karting/Prefabs/AI/kart_mg_trainer_config_updated.yaml --train --run-id=4-agents-reward-5 --resume",
        "mlagents_version": "0.28.0",
        "mlagents_envs_version": "0.28.0",
        "communication_protocol_version": "1.5.0",
        "pytorch_version": "1.9.0.post2",
        "numpy_version": "1.22.3",
        "end_time_seconds": "1653884439"
    },
    "total": 8745.964339667,
    "count": 1,
    "self": 0.017415083999367198,
    "children": {
        "run_training.setup": {
            "total": 0.02799974999999999,
            "count": 1,
            "self": 0.02799974999999999
        },
        "TrainerController.start_learning": {
            "total": 8745.918924833,
            "count": 1,
            "self": 8.217684044182533,
            "children": {
                "TrainerController._reset_env": {
                    "total": 16.569858709000002,
                    "count": 1,
                    "self": 16.569858709000002
                },
                "TrainerController.advance": {
                    "total": 8721.02590978782,
                    "count": 827554,
                    "self": 7.049951825136304,
                    "children": {
                        "env_step": {
                            "total": 8198.008060170001,
                            "count": 827554,
                            "self": 7798.12257295399,
                            "children": {
                                "SubprocessEnvManager._take_step": {
                                    "total": 394.3695204129141,
                                    "count": 827554,
                                    "self": 15.90591097490642,
                                    "children": {
                                        "TorchPolicy.evaluate": {
                                            "total": 378.46360943800767,
                                            "count": 822194,
                                            "self": 88.53282097794272,
                                            "children": {
                                                "TorchPolicy.sample_actions": {
                                                    "total": 289.93078846006495,
                                                    "count": 822194,
                                                    "self": 289.93078846006495
                                                }
                                            }
                                        }
                                    }
                                },
                                "workers": {
                                    "total": 5.515966803096781,
                                    "count": 827553,
                                    "self": 0.0,